{
  "Wa":100000,
  "Ramax":1.02,
  "Ramin":0.97,
  "Hmax_chu":20000,
  "Hmin_chu":-15000,
  "Beta_chu":0.001,
  "Alpha_chu":0.0015,
  "Hmax_zho":50000,
  "Hmin_zho":-50000,
  "Beta_zho":0.001,
  "Alpha_zho":0.001,
  "Hmax_gao":100000,
  "Hmin_gao":-150000,
  "Beta_gao":0.0005,
  "Alpha_gao":0.0005,
  "R1":1,
  "Theta":0.5,
  "P1":10000,
  "Rp1":1.01,
  "P2":30000,
  "Rp2":1.001,
  "Rp3":1,
  "D1":2000,
  "Rd1":1.01,
  "D2":5000,
  "Rd2":1.001,
  "Rd3":1,
  "Tmin":0,
  "R2":1,
  "Rtmin":0.5,
  "Rtmin2":0,
  "Delta_chu":0.00003,
  "Delta_zho":0.00001,
  "Delta_gao":0.00001,
  "JackpotRate":0.01,
  "JackpotOne":3,
  "JackpotTwo":5,
  "JackpotThreeRate":12,
  "JackpotFourRate":80,
  "JackpotD1":5,
  "JackpotD2":3,
  "JackpotD3":2,
  "JackpotD4":1,
  "JackpotBate1":500000,
  "JackpotBate2":5000000,
  "JackpotBate3":50000000,
  "JackpotCoin1":5000,
  "JackpotCoin2":50000,
  "JackpotCoin3":500000,
  "PranaRatio": 0.01,
  "PranaECoin":2000,
  "PranaMCoin":20000,
  "PranaHCoin":200000,
  "FishDealY1":15,
  "FishDealY2":13,
  "FishDealY3":10,
  "FishDealY4":0,
  "SignRate": 30
}